date,visitors,checkouts
2025-01-01,187.0,322
2025-01-02,182.0,448
2025-01-03,219.0,331
2025-01-04,262.0,647
2025-01-05,246.0,379
2025-01-06,156.0,373
2025-01-07,203.0,411
2025-01-08,191.0,476
2025-01-09,177.0,278
2025-01-10,218.0,447
2025-01-11,233.0,575
2025-01-12,243.0,491
2025-01-13,163.0,347
2025-01-14,151.0,331
2025-01-15,154.0,300
2025-01-16,176.0,374
2025-01-17,194.0,404
2025-01-18,244.0,585
2025-01-19,236.0,364
2025-01-20,138.0,245
2025-01-21,201.0,492
2025-01-22,176.0,420
2025-01-23,186.0,363
2025-01-24,188.0,398
2025-01-25,231.0,410
2025-01-26,251.0,423
2025-01-27,142.0,278
2025-01-28,185.0,342
2025-01-29,170.0,354
2025-01-30,180.0,283
2025-01-31,200.0,494
2025-02-01,267.0,663
2025-02-02,249.0,547
2025-02-03,144.0,293
2025-02-04,192.0,347
2025-02-05,161.0,372
2025-02-06,188.0,410
2025-02-07,180.0,299
2025-02-08,220.0,530
2025-02-09,252.0,585
2025-02-10,171.0,418
2025-02-11,182.0,405
2025-02-12,178.0,376
2025-02-13,180.0,345
2025-02-14,187.0,454
2025-02-15,229.0,541
2025-02-16,243.0,375
2025-02-17,175.0,267
2025-02-18,185.0,347
2025-02-19,153.0,353
2025-02-20,189.0,470
2025-02-21,204.0,336
2025-02-22,229.0,479
2025-02-23,259.0,487
2025-02-24,175.0,432
2025-02-25,193.0,452
2025-02-26,167.0,390
2025-02-27,180.0,354
2025-02-28,214.0,409
2025-03-01,214.0,379
2025-03-02,202.0,314
2025-03-03,117.0,276
2025-03-04,123.0,284
2025-03-05,122.0,304
2025-03-06,157.0,391
2025-03-07,190.0,390
2025-03-08,198.0,449
2025-03-09,225.0,550
2025-03-10,125.0,293
2025-03-11,130.0,227
2025-03-12,145.0,282
2025-03-13,168.0,273
2025-03-14,169.0,414
2025-03-15,223.0,469
2025-03-16,170.0,293
2025-03-17,132.0,286
2025-03-18,141.0,298
2025-03-19,135.0,250
2025-03-20,146.0,235
2025-03-21,140.0,304
2025-03-22,196.0,395
2025-03-23,215.0,488
2025-03-24,142.0,286
2025-03-25,132.0,310
2025-03-26,127.0,260
2025-03-27,137.0,282
2025-03-28,183.0,434
2025-03-29,204.0,388
2025-03-30,202.0,330
2025-03-31,127.0,194
2025-04-01,141.0,317
2025-04-02,154.0,326
2025-04-03,134.0,295
2025-04-04,165.0,282
2025-04-05,194.0,317
2025-04-06,188.0,284
2025-04-07,124.0,229
2025-04-08,143.0,298
2025-04-09,140.0,264
2025-04-10,141.0,273
2025-04-11,148.0,355
2025-04-12,193.0,356
2025-04-13,204.0,410
2025-04-14,107.0,244
2025-04-15,137.0,259
2025-04-16,146.0,309
2025-04-17,173.0,408
2025-04-18,172.0,421
2025-04-19,203.0,334
2025-04-20,208.0,504
2025-04-21,91.0,181
2025-04-22,139.0,244
2025-04-23,140.0,274
2025-04-24,181.0,448
2025-04-25,167.0,332
2025-04-26,204.0,373
2025-04-27,209.0,445
2025-04-28,102.0,177
2025-04-29,157.0,247
2025-04-30,151.0,245
2025-05-01,156.0,253
2025-05-02,156.0,257
2025-05-03,221.0,362
2025-05-04,188.0,402
2025-05-05,,215
2025-05-06,172.0,317
2025-05-07,125.0,299
2025-05-08,136.0,268
2025-05-09,171.0,370
2025-05-10,192.0,321
2025-05-11,186.0,314
2025-05-12,121.0,186
2025-05-13,124.0,206
2025-05-14,147.0,261
2025-05-15,131.0,219
2025-05-16,193.0,306
2025-05-17,188.0,304
2025-05-18,205.0,401
2025-05-19,132.0,225
2025-05-20,121.0,225
2025-05-21,143.0,286
2025-05-22,164.0,359
2025-05-23,145.0,223
2025-05-24,202.0,464
2025-05-25,213.0,453
2025-05-26,131.0,207
2025-05-27,121.0,287
2025-05-28,120.0,290
2025-05-29,152.0,237
2025-05-30,174.0,309
2025-05-31,203.0,468
2025-06-01,215.0,483
2025-06-02,109.0,183
2025-06-03,143.0,244
2025-06-04,144.0,269
2025-06-05,134.0,265
2025-06-06,197.0,417
2025-06-07,207.0,386
2025-06-08,192.0,376
2025-06-09,129.0,289
2025-06-10,125.0,192
2025-06-11,151.0,264
2025-06-12,162.0,358
2025-06-13,157.0,376
2025-06-14,214.0,430
2025-06-15,216.0,438
2025-06-16,132.0,212
2025-06-17,168.0,327
2025-06-18,136.0,276
2025-06-19,133.0,231
2025-06-20,156.0,276
2025-06-21,187.0,351
2025-06-22,208.0,316
2025-06-23,125.0,227
2025-06-24,144.0,246
2025-06-25,152.0,277
2025-06-26,145.0,234
2025-06-27,191.0,456
2025-06-28,196.0,410
2025-06-29,250.0,544
2025-06-30,129.0,295
2025-07-01,167.0,333
2025-07-02,163.0,258
2025-07-03,192.0,391
2025-07-04,206.0,429
2025-07-05,250.0,561
2025-07-06,257.0,496
2025-07-07,158.0,257
2025-07-08,167.0,297
2025-07-09,157.0,292
2025-07-10,178.0,381
2025-07-11,222.0,459
2025-07-12,243.0,451
2025-07-13,231.0,574
2025-07-14,162.0,341
2025-07-15,185.0,321
2025-07-16,166.0,265
2025-07-17,187.0,309
2025-07-18,210.0,366
2025-07-19,222.0,368
2025-07-20,255.0,430
2025-07-21,168.0,299
2025-07-22,196.0,327
2025-07-23,195.0,467
2025-07-24,164.0,259
2025-07-25,195.0,394
2025-07-26,247.0,471
2025-07-27,257.0,637
2025-07-28,167.0,269
2025-07-29,237.0,449
2025-07-30,188.0,464
2025-07-31,202.0,477
2025-08-01,224.0,519
2025-08-02,249.0,437
2025-08-03,245.0,409
2025-08-04,171.0,370
2025-08-05,168.0,408
2025-08-06,176.0,361
2025-08-07,177.0,366
2025-08-08,211.0,375
2025-08-09,274.0,621
2025-08-10,221.0,372
2025-08-11,170.0,310
2025-08-12,155.0,298
2025-08-13,172.0,345
2025-08-14,201.0,350
2025-08-15,450.0,339
2025-08-16,223.0,470
2025-08-17,239.0,427
2025-08-18,170.0,353
2025-08-19,169.0,279
2025-08-20,183.0,362
2025-08-21,185.0,376
2025-08-22,200.0,310
2025-08-23,272.0,499
2025-08-24,259.0,423
2025-08-25,129.0,201
2025-08-26,182.0,453
2025-08-27,170.0,309
2025-08-28,197.0,455
2025-08-29,198.0,347
2025-08-30,238.0,519
2025-08-31,257.0,580
2025-09-01,132.0,276
2025-09-02,121.0,238
2025-09-03,134.0,256
2025-09-04,137.0,253
2025-09-05,160.0,388
2025-09-06,226.0,526
2025-09-07,216.0,532
2025-09-08,101.0,164
2025-09-09,153.0,341
2025-09-10,171.0,416
2025-09-11,160.0,268
2025-09-12,147.0,230
2025-09-13,192.0,430
2025-09-14,229.0,475
2025-09-15,109.0,255
2025-09-16,146.0,239
2025-09-17,151.0,346
2025-09-18,131.0,222
2025-09-19,169.0,281
2025-09-20,151.0,251
2025-09-21,194.0,449
2025-09-22,116.0,251
2025-09-23,121.0,244
2025-09-24,164.0,304
2025-09-25,123.0,292
2025-09-26,163.0,308
2025-09-27,201.0,465
2025-09-28,231.0,447
2025-09-29,98.0,183
2025-09-30,157.0,308
2025-10-01,140.0,252
2025-10-02,130.0,292
2025-10-03,176.0,352
2025-10-04,202.0,349
2025-10-05,200.0,479
2025-10-06,121.0,227
2025-10-07,134.0,273
2025-10-08,141.0,339
2025-10-09,154.0,327
2025-10-10,193.0,312
2025-10-11,181.0,441
2025-10-12,241.0,512
2025-10-13,90.0,165
2025-10-14,137.0,224
2025-10-15,148.0,339
2025-10-16,149.0,315
2025-10-17,160.0,325
2025-10-18,196.0,469
2025-10-19,202.0,462
2025-10-20,111.0,183
2025-10-21,152.0,275
2025-10-22,145.0,253
2025-10-23,134.0,300
2025-10-24,183.0,280
2025-10-25,204.0,422
2025-10-26,222.0,502
2025-10-27,129.0,306
2025-10-28,127.0,233
2025-10-29,131.0,304
2025-10-30,156.0,251
2025-10-31,179.0,420
2025-11-01,199.0,323
2025-11-02,211.0,400
2025-11-03,139.0,319
2025-11-04,131.0,216
2025-11-05,148.0,255
2025-11-06,141.0,313
2025-11-07,166.0,368
2025-11-08,216.0,462
2025-11-09,222.0,487
2025-11-10,132.0,269
2025-11-11,159.0,278
2025-11-12,140.0,258
2025-11-13,155.0,260
2025-11-14,165.0,397
2025-11-15,204.0,425
2025-11-16,208.0,395
2025-11-17,121.0,237
2025-11-18,148.0,362
2025-11-19,127.0,209
2025-11-20,176.0,367
2025-11-21,154.0,308
2025-11-22,181.0,382
2025-11-23,227.0,344
2025-11-24,131.0,310
2025-11-25,149.0,362
2025-11-26,149.0,307
2025-11-27,144.0,316
2025-11-28,156.0,377
2025-11-29,201.0,443
2025-11-30,199.0,328
2025-12-01,134.0,278
2025-12-02,137.0,288
2025-12-03,127.0,244
2025-12-04,140.0,313
2025-12-05,176.0,428
2025-12-06,191.0,463
2025-12-07,197.0,384
2025-12-08,123.0,198
2025-12-09,143.0,355
2025-12-10,132.0,308
2025-12-11,137.0,222
2025-12-12,173.0,418
2025-12-13,178.0,421
2025-12-14,188.0,379
2025-12-15,109.0,227
2025-12-16,136.0,258
2025-12-17,144.0,223
2025-12-18,167.0,306
2025-12-19,182.0,419
2025-12-20,197.0,296
2025-12-21,209.0,383
2025-12-22,104.0,197
2025-12-23,139.0,283
2025-12-24,135.0,326
2025-12-25,149.0,275
2025-12-26,157.0,289
2025-12-27,207.0,463
2025-12-28,232.0,452
2025-12-29,118.0,203
2025-12-30,146.0,285
2025-12-31,150.0,246
